msi_name,sar_name,hsi_name,label_name
/mnt/data/whispers2023/C2Seg_AB/train/msi/0.tiff,/mnt/data/whispers2023/C2Seg_AB/train/sar/0.tiff,/mnt/data/whispers2023/C2Seg_AB/train/hsi/0.tiff,/mnt/data/whispers2023/C2Seg_AB/train/label/0.tiff
/mnt/data/whispers2023/C2Seg_AB/train/msi/1.tiff,/mnt/data/whispers2023/C2Seg_AB/train/sar/1.tiff,/mnt/data/whispers2023/C2Seg_AB/train/hsi/1.tiff,/mnt/data/whispers2023/C2Seg_AB/train/label/1.tiff
/mnt/data/whispers2023/C2Seg_AB/train/msi/10.tiff,/mnt/data/whispers2023/C2Seg_AB/train/sar/10.tiff,/mnt/data/whispers2023/C2Seg_AB/train/hsi/10.tiff,/mnt/data/whispers2023/C2Seg_AB/train/label/10.tiff
/mnt/data/whispers2023/C2Seg_AB/train/msi/100.tiff,/mnt/data/whispers2023/C2Seg_AB/train/sar/100.tiff,/mnt/data/whispers2023/C2Seg_AB/train/hsi/100.tiff,/mnt/data/whispers2023/C2Seg_AB/train/label/100.tiff
/mnt/data/whispers2023/C2Seg_AB/train/msi/101.tiff,/mnt/data/whispers2023/C2Seg_AB/train/sar/101.tiff,/mnt/data/whispers2023/C2Seg_AB/train/hsi/101.tiff,/mnt/data/whispers2023/C2Seg_AB/train/label/101.tiff
/mnt/data/whispers2023/C2Seg_AB/train/msi/102.tiff,/mnt/data/whispers2023/C2Seg_AB/train/sar/102.tiff,/mnt/data/whispers2023/C2Seg_AB/train/hsi/102.tiff,/mnt/data/whispers2023/C2Seg_AB/train/label/102.tiff
/mnt/data/whispers2023/C2Seg_AB/train/msi/103.tiff,/mnt/data/whispers2023/C2Seg_AB/train/sar/103.tiff,/mnt/data/whispers2023/C2Seg_AB/train/hsi/103.tiff,/mnt/data/whispers2023/C2Seg_AB/train/label/103.tiff
/mnt/data/whispers2023/C2Seg_AB/train/msi/104.tiff,/mnt/data/whispers2023/C2Seg_AB/train/sar/104.tiff,/mnt/data/whispers2023/C2Seg_AB/train/hsi/104.tiff,/mnt/data/whispers2023/C2Seg_AB/train/label/104.tiff
/mnt/data/whispers2023/C2Seg_AB/train/msi/105.tiff,/mnt/data/whispers2023/C2Seg_AB/train/sar/105.tiff,/mnt/data/whispers2023/C2Seg_AB/train/hsi/105.tiff,/mnt/data/whispers2023/C2Seg_AB/train/label/105.tiff
/mnt/data/whispers2023/C2Seg_AB/train/msi/106.tiff,/mnt/data/whispers2023/C2Seg_AB/train/sar/106.tiff,/mnt/data/whispers2023/C2Seg_AB/train/hsi/106.tiff,/mnt/data/whispers2023/C2Seg_AB/train/label/106.tiff
/mnt/data/whispers2023/C2Seg_AB/train/msi/107.tiff,/mnt/data/whispers2023/C2Seg_AB/train/sar/107.tiff,/mnt/data/whispers2023/C2Seg_AB/train/hsi/107.tiff,/mnt/data/whispers2023/C2Seg_AB/train/label/107.tiff
/mnt/data/whispers2023/C2Seg_AB/train/msi/108.tiff,/mnt/data/whispers2023/C2Seg_AB/train/sar/108.tiff,/mnt/data/whispers2023/C2Seg_AB/train/hsi/108.tiff,/mnt/data/whispers2023/C2Seg_AB/train/label/108.tiff
/mnt/data/whispers2023/C2Seg_AB/train/msi/109.tiff,/mnt/data/whispers2023/C2Seg_AB/train/sar/109.tiff,/mnt/data/whispers2023/C2Seg_AB/train/hsi/109.tiff,/mnt/data/whispers2023/C2Seg_AB/train/label/109.tiff
/mnt/data/whispers2023/C2Seg_AB/train/msi/11.tiff,/mnt/data/whispers2023/C2Seg_AB/train/sar/11.tiff,/mnt/data/whispers2023/C2Seg_AB/train/hsi/11.tiff,/mnt/data/whispers2023/C2Seg_AB/train/label/11.tiff
/mnt/data/whispers2023/C2Seg_AB/train/msi/110.tiff,/mnt/data/whispers2023/C2Seg_AB/train/sar/110.tiff,/mnt/data/whispers2023/C2Seg_AB/train/hsi/110.tiff,/mnt/data/whispers2023/C2Seg_AB/train/label/110.tiff
/mnt/data/whispers2023/C2Seg_AB/train/msi/111.tiff,/mnt/data/whispers2023/C2Seg_AB/train/sar/111.tiff,/mnt/data/whispers2023/C2Seg_AB/train/hsi/111.tiff,/mnt/data/whispers2023/C2Seg_AB/train/label/111.tiff
/mnt/data/whispers2023/C2Seg_AB/train/msi/112.tiff,/mnt/data/whispers2023/C2Seg_AB/train/sar/112.tiff,/mnt/data/whispers2023/C2Seg_AB/train/hsi/112.tiff,/mnt/data/whispers2023/C2Seg_AB/train/label/112.tiff
/mnt/data/whispers2023/C2Seg_AB/train/msi/113.tiff,/mnt/data/whispers2023/C2Seg_AB/train/sar/113.tiff,/mnt/data/whispers2023/C2Seg_AB/train/hsi/113.tiff,/mnt/data/whispers2023/C2Seg_AB/train/label/113.tiff
/mnt/data/whispers2023/C2Seg_AB/train/msi/114.tiff,/mnt/data/whispers2023/C2Seg_AB/train/sar/114.tiff,/mnt/data/whispers2023/C2Seg_AB/train/hsi/114.tiff,/mnt/data/whispers2023/C2Seg_AB/train/label/114.tiff
/mnt/data/whispers2023/C2Seg_AB/train/msi/115.tiff,/mnt/data/whispers2023/C2Seg_AB/train/sar/115.tiff,/mnt/data/whispers2023/C2Seg_AB/train/hsi/115.tiff,/mnt/data/whispers2023/C2Seg_AB/train/label/115.tiff
/mnt/data/whispers2023/C2Seg_AB/train/msi/116.tiff,/mnt/data/whispers2023/C2Seg_AB/train/sar/116.tiff,/mnt/data/whispers2023/C2Seg_AB/train/hsi/116.tiff,/mnt/data/whispers2023/C2Seg_AB/train/label/116.tiff
/mnt/data/whispers2023/C2Seg_AB/train/msi/117.tiff,/mnt/data/whispers2023/C2Seg_AB/train/sar/117.tiff,/mnt/data/whispers2023/C2Seg_AB/train/hsi/117.tiff,/mnt/data/whispers2023/C2Seg_AB/train/label/117.tiff
/mnt/data/whispers2023/C2Seg_AB/train/msi/118.tiff,/mnt/data/whispers2023/C2Seg_AB/train/sar/118.tiff,/mnt/data/whispers2023/C2Seg_AB/train/hsi/118.tiff,/mnt/data/whispers2023/C2Seg_AB/train/label/118.tiff
/mnt/data/whispers2023/C2Seg_AB/train/msi/119.tiff,/mnt/data/whispers2023/C2Seg_AB/train/sar/119.tiff,/mnt/data/whispers2023/C2Seg_AB/train/hsi/119.tiff,/mnt/data/whispers2023/C2Seg_AB/train/label/119.tiff
/mnt/data/whispers2023/C2Seg_AB/train/msi/12.tiff,/mnt/data/whispers2023/C2Seg_AB/train/sar/12.tiff,/mnt/data/whispers2023/C2Seg_AB/train/hsi/12.tiff,/mnt/data/whispers2023/C2Seg_AB/train/label/12.tiff
/mnt/data/whispers2023/C2Seg_AB/train/msi/120.tiff,/mnt/data/whispers2023/C2Seg_AB/train/sar/120.tiff,/mnt/data/whispers2023/C2Seg_AB/train/hsi/120.tiff,/mnt/data/whispers2023/C2Seg_AB/train/label/120.tiff
/mnt/data/whispers2023/C2Seg_AB/train/msi/121.tiff,/mnt/data/whispers2023/C2Seg_AB/train/sar/121.tiff,/mnt/data/whispers2023/C2Seg_AB/train/hsi/121.tiff,/mnt/data/whispers2023/C2Seg_AB/train/label/121.tiff
/mnt/data/whispers2023/C2Seg_AB/train/msi/122.tiff,/mnt/data/whispers2023/C2Seg_AB/train/sar/122.tiff,/mnt/data/whispers2023/C2Seg_AB/train/hsi/122.tiff,/mnt/data/whispers2023/C2Seg_AB/train/label/122.tiff
/mnt/data/whispers2023/C2Seg_AB/train/msi/123.tiff,/mnt/data/whispers2023/C2Seg_AB/train/sar/123.tiff,/mnt/data/whispers2023/C2Seg_AB/train/hsi/123.tiff,/mnt/data/whispers2023/C2Seg_AB/train/label/123.tiff
/mnt/data/whispers2023/C2Seg_AB/train/msi/124.tiff,/mnt/data/whispers2023/C2Seg_AB/train/sar/124.tiff,/mnt/data/whispers2023/C2Seg_AB/train/hsi/124.tiff,/mnt/data/whispers2023/C2Seg_AB/train/label/124.tiff
/mnt/data/whispers2023/C2Seg_AB/train/msi/125.tiff,/mnt/data/whispers2023/C2Seg_AB/train/sar/125.tiff,/mnt/data/whispers2023/C2Seg_AB/train/hsi/125.tiff,/mnt/data/whispers2023/C2Seg_AB/train/label/125.tiff
/mnt/data/whispers2023/C2Seg_AB/train/msi/126.tiff,/mnt/data/whispers2023/C2Seg_AB/train/sar/126.tiff,/mnt/data/whispers2023/C2Seg_AB/train/hsi/126.tiff,/mnt/data/whispers2023/C2Seg_AB/train/label/126.tiff
/mnt/data/whispers2023/C2Seg_AB/train/msi/127.tiff,/mnt/data/whispers2023/C2Seg_AB/train/sar/127.tiff,/mnt/data/whispers2023/C2Seg_AB/train/hsi/127.tiff,/mnt/data/whispers2023/C2Seg_AB/train/label/127.tiff
/mnt/data/whispers2023/C2Seg_AB/train/msi/128.tiff,/mnt/data/whispers2023/C2Seg_AB/train/sar/128.tiff,/mnt/data/whispers2023/C2Seg_AB/train/hsi/128.tiff,/mnt/data/whispers2023/C2Seg_AB/train/label/128.tiff
/mnt/data/whispers2023/C2Seg_AB/train/msi/129.tiff,/mnt/data/whispers2023/C2Seg_AB/train/sar/129.tiff,/mnt/data/whispers2023/C2Seg_AB/train/hsi/129.tiff,/mnt/data/whispers2023/C2Seg_AB/train/label/129.tiff
/mnt/data/whispers2023/C2Seg_AB/train/msi/13.tiff,/mnt/data/whispers2023/C2Seg_AB/train/sar/13.tiff,/mnt/data/whispers2023/C2Seg_AB/train/hsi/13.tiff,/mnt/data/whispers2023/C2Seg_AB/train/label/13.tiff
/mnt/data/whispers2023/C2Seg_AB/train/msi/130.tiff,/mnt/data/whispers2023/C2Seg_AB/train/sar/130.tiff,/mnt/data/whispers2023/C2Seg_AB/train/hsi/130.tiff,/mnt/data/whispers2023/C2Seg_AB/train/label/130.tiff
/mnt/data/whispers2023/C2Seg_AB/train/msi/131.tiff,/mnt/data/whispers2023/C2Seg_AB/train/sar/131.tiff,/mnt/data/whispers2023/C2Seg_AB/train/hsi/131.tiff,/mnt/data/whispers2023/C2Seg_AB/train/label/131.tiff
/mnt/data/whispers2023/C2Seg_AB/train/msi/132.tiff,/mnt/data/whispers2023/C2Seg_AB/train/sar/132.tiff,/mnt/data/whispers2023/C2Seg_AB/train/hsi/132.tiff,/mnt/data/whispers2023/C2Seg_AB/train/label/132.tiff
/mnt/data/whispers2023/C2Seg_AB/train/msi/133.tiff,/mnt/data/whispers2023/C2Seg_AB/train/sar/133.tiff,/mnt/data/whispers2023/C2Seg_AB/train/hsi/133.tiff,/mnt/data/whispers2023/C2Seg_AB/train/label/133.tiff
/mnt/data/whispers2023/C2Seg_AB/train/msi/134.tiff,/mnt/data/whispers2023/C2Seg_AB/train/sar/134.tiff,/mnt/data/whispers2023/C2Seg_AB/train/hsi/134.tiff,/mnt/data/whispers2023/C2Seg_AB/train/label/134.tiff
/mnt/data/whispers2023/C2Seg_AB/train/msi/135.tiff,/mnt/data/whispers2023/C2Seg_AB/train/sar/135.tiff,/mnt/data/whispers2023/C2Seg_AB/train/hsi/135.tiff,/mnt/data/whispers2023/C2Seg_AB/train/label/135.tiff
/mnt/data/whispers2023/C2Seg_AB/train/msi/136.tiff,/mnt/data/whispers2023/C2Seg_AB/train/sar/136.tiff,/mnt/data/whispers2023/C2Seg_AB/train/hsi/136.tiff,/mnt/data/whispers2023/C2Seg_AB/train/label/136.tiff
/mnt/data/whispers2023/C2Seg_AB/train/msi/137.tiff,/mnt/data/whispers2023/C2Seg_AB/train/sar/137.tiff,/mnt/data/whispers2023/C2Seg_AB/train/hsi/137.tiff,/mnt/data/whispers2023/C2Seg_AB/train/label/137.tiff
/mnt/data/whispers2023/C2Seg_AB/train/msi/138.tiff,/mnt/data/whispers2023/C2Seg_AB/train/sar/138.tiff,/mnt/data/whispers2023/C2Seg_AB/train/hsi/138.tiff,/mnt/data/whispers2023/C2Seg_AB/train/label/138.tiff
/mnt/data/whispers2023/C2Seg_AB/train/msi/139.tiff,/mnt/data/whispers2023/C2Seg_AB/train/sar/139.tiff,/mnt/data/whispers2023/C2Seg_AB/train/hsi/139.tiff,/mnt/data/whispers2023/C2Seg_AB/train/label/139.tiff
/mnt/data/whispers2023/C2Seg_AB/train/msi/14.tiff,/mnt/data/whispers2023/C2Seg_AB/train/sar/14.tiff,/mnt/data/whispers2023/C2Seg_AB/train/hsi/14.tiff,/mnt/data/whispers2023/C2Seg_AB/train/label/14.tiff
/mnt/data/whispers2023/C2Seg_AB/train/msi/140.tiff,/mnt/data/whispers2023/C2Seg_AB/train/sar/140.tiff,/mnt/data/whispers2023/C2Seg_AB/train/hsi/140.tiff,/mnt/data/whispers2023/C2Seg_AB/train/label/140.tiff
/mnt/data/whispers2023/C2Seg_AB/train/msi/141.tiff,/mnt/data/whispers2023/C2Seg_AB/train/sar/141.tiff,/mnt/data/whispers2023/C2Seg_AB/train/hsi/141.tiff,/mnt/data/whispers2023/C2Seg_AB/train/label/141.tiff
/mnt/data/whispers2023/C2Seg_AB/train/msi/142.tiff,/mnt/data/whispers2023/C2Seg_AB/train/sar/142.tiff,/mnt/data/whispers2023/C2Seg_AB/train/hsi/142.tiff,/mnt/data/whispers2023/C2Seg_AB/train/label/142.tiff
/mnt/data/whispers2023/C2Seg_AB/train/msi/143.tiff,/mnt/data/whispers2023/C2Seg_AB/train/sar/143.tiff,/mnt/data/whispers2023/C2Seg_AB/train/hsi/143.tiff,/mnt/data/whispers2023/C2Seg_AB/train/label/143.tiff
/mnt/data/whispers2023/C2Seg_AB/train/msi/144.tiff,/mnt/data/whispers2023/C2Seg_AB/train/sar/144.tiff,/mnt/data/whispers2023/C2Seg_AB/train/hsi/144.tiff,/mnt/data/whispers2023/C2Seg_AB/train/label/144.tiff
/mnt/data/whispers2023/C2Seg_AB/train/msi/145.tiff,/mnt/data/whispers2023/C2Seg_AB/train/sar/145.tiff,/mnt/data/whispers2023/C2Seg_AB/train/hsi/145.tiff,/mnt/data/whispers2023/C2Seg_AB/train/label/145.tiff
/mnt/data/whispers2023/C2Seg_AB/train/msi/146.tiff,/mnt/data/whispers2023/C2Seg_AB/train/sar/146.tiff,/mnt/data/whispers2023/C2Seg_AB/train/hsi/146.tiff,/mnt/data/whispers2023/C2Seg_AB/train/label/146.tiff
/mnt/data/whispers2023/C2Seg_AB/train/msi/147.tiff,/mnt/data/whispers2023/C2Seg_AB/train/sar/147.tiff,/mnt/data/whispers2023/C2Seg_AB/train/hsi/147.tiff,/mnt/data/whispers2023/C2Seg_AB/train/label/147.tiff
/mnt/data/whispers2023/C2Seg_AB/train/msi/148.tiff,/mnt/data/whispers2023/C2Seg_AB/train/sar/148.tiff,/mnt/data/whispers2023/C2Seg_AB/train/hsi/148.tiff,/mnt/data/whispers2023/C2Seg_AB/train/label/148.tiff
/mnt/data/whispers2023/C2Seg_AB/train/msi/149.tiff,/mnt/data/whispers2023/C2Seg_AB/train/sar/149.tiff,/mnt/data/whispers2023/C2Seg_AB/train/hsi/149.tiff,/mnt/data/whispers2023/C2Seg_AB/train/label/149.tiff
/mnt/data/whispers2023/C2Seg_AB/train/msi/15.tiff,/mnt/data/whispers2023/C2Seg_AB/train/sar/15.tiff,/mnt/data/whispers2023/C2Seg_AB/train/hsi/15.tiff,/mnt/data/whispers2023/C2Seg_AB/train/label/15.tiff
/mnt/data/whispers2023/C2Seg_AB/train/msi/150.tiff,/mnt/data/whispers2023/C2Seg_AB/train/sar/150.tiff,/mnt/data/whispers2023/C2Seg_AB/train/hsi/150.tiff,/mnt/data/whispers2023/C2Seg_AB/train/label/150.tiff
/mnt/data/whispers2023/C2Seg_AB/train/msi/151.tiff,/mnt/data/whispers2023/C2Seg_AB/train/sar/151.tiff,/mnt/data/whispers2023/C2Seg_AB/train/hsi/151.tiff,/mnt/data/whispers2023/C2Seg_AB/train/label/151.tiff
/mnt/data/whispers2023/C2Seg_AB/train/msi/152.tiff,/mnt/data/whispers2023/C2Seg_AB/train/sar/152.tiff,/mnt/data/whispers2023/C2Seg_AB/train/hsi/152.tiff,/mnt/data/whispers2023/C2Seg_AB/train/label/152.tiff
/mnt/data/whispers2023/C2Seg_AB/train/msi/153.tiff,/mnt/data/whispers2023/C2Seg_AB/train/sar/153.tiff,/mnt/data/whispers2023/C2Seg_AB/train/hsi/153.tiff,/mnt/data/whispers2023/C2Seg_AB/train/label/153.tiff
/mnt/data/whispers2023/C2Seg_AB/train/msi/154.tiff,/mnt/data/whispers2023/C2Seg_AB/train/sar/154.tiff,/mnt/data/whispers2023/C2Seg_AB/train/hsi/154.tiff,/mnt/data/whispers2023/C2Seg_AB/train/label/154.tiff
/mnt/data/whispers2023/C2Seg_AB/train/msi/155.tiff,/mnt/data/whispers2023/C2Seg_AB/train/sar/155.tiff,/mnt/data/whispers2023/C2Seg_AB/train/hsi/155.tiff,/mnt/data/whispers2023/C2Seg_AB/train/label/155.tiff
/mnt/data/whispers2023/C2Seg_AB/train/msi/156.tiff,/mnt/data/whispers2023/C2Seg_AB/train/sar/156.tiff,/mnt/data/whispers2023/C2Seg_AB/train/hsi/156.tiff,/mnt/data/whispers2023/C2Seg_AB/train/label/156.tiff
/mnt/data/whispers2023/C2Seg_AB/train/msi/157.tiff,/mnt/data/whispers2023/C2Seg_AB/train/sar/157.tiff,/mnt/data/whispers2023/C2Seg_AB/train/hsi/157.tiff,/mnt/data/whispers2023/C2Seg_AB/train/label/157.tiff
/mnt/data/whispers2023/C2Seg_AB/train/msi/158.tiff,/mnt/data/whispers2023/C2Seg_AB/train/sar/158.tiff,/mnt/data/whispers2023/C2Seg_AB/train/hsi/158.tiff,/mnt/data/whispers2023/C2Seg_AB/train/label/158.tiff
/mnt/data/whispers2023/C2Seg_AB/train/msi/159.tiff,/mnt/data/whispers2023/C2Seg_AB/train/sar/159.tiff,/mnt/data/whispers2023/C2Seg_AB/train/hsi/159.tiff,/mnt/data/whispers2023/C2Seg_AB/train/label/159.tiff
/mnt/data/whispers2023/C2Seg_AB/train/msi/16.tiff,/mnt/data/whispers2023/C2Seg_AB/train/sar/16.tiff,/mnt/data/whispers2023/C2Seg_AB/train/hsi/16.tiff,/mnt/data/whispers2023/C2Seg_AB/train/label/16.tiff
/mnt/data/whispers2023/C2Seg_AB/train/msi/160.tiff,/mnt/data/whispers2023/C2Seg_AB/train/sar/160.tiff,/mnt/data/whispers2023/C2Seg_AB/train/hsi/160.tiff,/mnt/data/whispers2023/C2Seg_AB/train/label/160.tiff
/mnt/data/whispers2023/C2Seg_AB/train/msi/161.tiff,/mnt/data/whispers2023/C2Seg_AB/train/sar/161.tiff,/mnt/data/whispers2023/C2Seg_AB/train/hsi/161.tiff,/mnt/data/whispers2023/C2Seg_AB/train/label/161.tiff
/mnt/data/whispers2023/C2Seg_AB/train/msi/162.tiff,/mnt/data/whispers2023/C2Seg_AB/train/sar/162.tiff,/mnt/data/whispers2023/C2Seg_AB/train/hsi/162.tiff,/mnt/data/whispers2023/C2Seg_AB/train/label/162.tiff
/mnt/data/whispers2023/C2Seg_AB/train/msi/163.tiff,/mnt/data/whispers2023/C2Seg_AB/train/sar/163.tiff,/mnt/data/whispers2023/C2Seg_AB/train/hsi/163.tiff,/mnt/data/whispers2023/C2Seg_AB/train/label/163.tiff
/mnt/data/whispers2023/C2Seg_AB/train/msi/164.tiff,/mnt/data/whispers2023/C2Seg_AB/train/sar/164.tiff,/mnt/data/whispers2023/C2Seg_AB/train/hsi/164.tiff,/mnt/data/whispers2023/C2Seg_AB/train/label/164.tiff
/mnt/data/whispers2023/C2Seg_AB/train/msi/165.tiff,/mnt/data/whispers2023/C2Seg_AB/train/sar/165.tiff,/mnt/data/whispers2023/C2Seg_AB/train/hsi/165.tiff,/mnt/data/whispers2023/C2Seg_AB/train/label/165.tiff
/mnt/data/whispers2023/C2Seg_AB/train/msi/166.tiff,/mnt/data/whispers2023/C2Seg_AB/train/sar/166.tiff,/mnt/data/whispers2023/C2Seg_AB/train/hsi/166.tiff,/mnt/data/whispers2023/C2Seg_AB/train/label/166.tiff
/mnt/data/whispers2023/C2Seg_AB/train/msi/167.tiff,/mnt/data/whispers2023/C2Seg_AB/train/sar/167.tiff,/mnt/data/whispers2023/C2Seg_AB/train/hsi/167.tiff,/mnt/data/whispers2023/C2Seg_AB/train/label/167.tiff
/mnt/data/whispers2023/C2Seg_AB/train/msi/168.tiff,/mnt/data/whispers2023/C2Seg_AB/train/sar/168.tiff,/mnt/data/whispers2023/C2Seg_AB/train/hsi/168.tiff,/mnt/data/whispers2023/C2Seg_AB/train/label/168.tiff
/mnt/data/whispers2023/C2Seg_AB/train/msi/169.tiff,/mnt/data/whispers2023/C2Seg_AB/train/sar/169.tiff,/mnt/data/whispers2023/C2Seg_AB/train/hsi/169.tiff,/mnt/data/whispers2023/C2Seg_AB/train/label/169.tiff
/mnt/data/whispers2023/C2Seg_AB/train/msi/17.tiff,/mnt/data/whispers2023/C2Seg_AB/train/sar/17.tiff,/mnt/data/whispers2023/C2Seg_AB/train/hsi/17.tiff,/mnt/data/whispers2023/C2Seg_AB/train/label/17.tiff
/mnt/data/whispers2023/C2Seg_AB/train/msi/170.tiff,/mnt/data/whispers2023/C2Seg_AB/train/sar/170.tiff,/mnt/data/whispers2023/C2Seg_AB/train/hsi/170.tiff,/mnt/data/whispers2023/C2Seg_AB/train/label/170.tiff
/mnt/data/whispers2023/C2Seg_AB/train/msi/171.tiff,/mnt/data/whispers2023/C2Seg_AB/train/sar/171.tiff,/mnt/data/whispers2023/C2Seg_AB/train/hsi/171.tiff,/mnt/data/whispers2023/C2Seg_AB/train/label/171.tiff
/mnt/data/whispers2023/C2Seg_AB/train/msi/172.tiff,/mnt/data/whispers2023/C2Seg_AB/train/sar/172.tiff,/mnt/data/whispers2023/C2Seg_AB/train/hsi/172.tiff,/mnt/data/whispers2023/C2Seg_AB/train/label/172.tiff
/mnt/data/whispers2023/C2Seg_AB/train/msi/173.tiff,/mnt/data/whispers2023/C2Seg_AB/train/sar/173.tiff,/mnt/data/whispers2023/C2Seg_AB/train/hsi/173.tiff,/mnt/data/whispers2023/C2Seg_AB/train/label/173.tiff
/mnt/data/whispers2023/C2Seg_AB/train/msi/174.tiff,/mnt/data/whispers2023/C2Seg_AB/train/sar/174.tiff,/mnt/data/whispers2023/C2Seg_AB/train/hsi/174.tiff,/mnt/data/whispers2023/C2Seg_AB/train/label/174.tiff
/mnt/data/whispers2023/C2Seg_AB/train/msi/175.tiff,/mnt/data/whispers2023/C2Seg_AB/train/sar/175.tiff,/mnt/data/whispers2023/C2Seg_AB/train/hsi/175.tiff,/mnt/data/whispers2023/C2Seg_AB/train/label/175.tiff
/mnt/data/whispers2023/C2Seg_AB/train/msi/176.tiff,/mnt/data/whispers2023/C2Seg_AB/train/sar/176.tiff,/mnt/data/whispers2023/C2Seg_AB/train/hsi/176.tiff,/mnt/data/whispers2023/C2Seg_AB/train/label/176.tiff
/mnt/data/whispers2023/C2Seg_AB/train/msi/177.tiff,/mnt/data/whispers2023/C2Seg_AB/train/sar/177.tiff,/mnt/data/whispers2023/C2Seg_AB/train/hsi/177.tiff,/mnt/data/whispers2023/C2Seg_AB/train/label/177.tiff
/mnt/data/whispers2023/C2Seg_AB/train/msi/178.tiff,/mnt/data/whispers2023/C2Seg_AB/train/sar/178.tiff,/mnt/data/whispers2023/C2Seg_AB/train/hsi/178.tiff,/mnt/data/whispers2023/C2Seg_AB/train/label/178.tiff
/mnt/data/whispers2023/C2Seg_AB/train/msi/179.tiff,/mnt/data/whispers2023/C2Seg_AB/train/sar/179.tiff,/mnt/data/whispers2023/C2Seg_AB/train/hsi/179.tiff,/mnt/data/whispers2023/C2Seg_AB/train/label/179.tiff
/mnt/data/whispers2023/C2Seg_AB/train/msi/18.tiff,/mnt/data/whispers2023/C2Seg_AB/train/sar/18.tiff,/mnt/data/whispers2023/C2Seg_AB/train/hsi/18.tiff,/mnt/data/whispers2023/C2Seg_AB/train/label/18.tiff
/mnt/data/whispers2023/C2Seg_AB/train/msi/180.tiff,/mnt/data/whispers2023/C2Seg_AB/train/sar/180.tiff,/mnt/data/whispers2023/C2Seg_AB/train/hsi/180.tiff,/mnt/data/whispers2023/C2Seg_AB/train/label/180.tiff
/mnt/data/whispers2023/C2Seg_AB/train/msi/181.tiff,/mnt/data/whispers2023/C2Seg_AB/train/sar/181.tiff,/mnt/data/whispers2023/C2Seg_AB/train/hsi/181.tiff,/mnt/data/whispers2023/C2Seg_AB/train/label/181.tiff
/mnt/data/whispers2023/C2Seg_AB/train/msi/182.tiff,/mnt/data/whispers2023/C2Seg_AB/train/sar/182.tiff,/mnt/data/whispers2023/C2Seg_AB/train/hsi/182.tiff,/mnt/data/whispers2023/C2Seg_AB/train/label/182.tiff
/mnt/data/whispers2023/C2Seg_AB/train/msi/183.tiff,/mnt/data/whispers2023/C2Seg_AB/train/sar/183.tiff,/mnt/data/whispers2023/C2Seg_AB/train/hsi/183.tiff,/mnt/data/whispers2023/C2Seg_AB/train/label/183.tiff
/mnt/data/whispers2023/C2Seg_AB/train/msi/184.tiff,/mnt/data/whispers2023/C2Seg_AB/train/sar/184.tiff,/mnt/data/whispers2023/C2Seg_AB/train/hsi/184.tiff,/mnt/data/whispers2023/C2Seg_AB/train/label/184.tiff
/mnt/data/whispers2023/C2Seg_AB/train/msi/185.tiff,/mnt/data/whispers2023/C2Seg_AB/train/sar/185.tiff,/mnt/data/whispers2023/C2Seg_AB/train/hsi/185.tiff,/mnt/data/whispers2023/C2Seg_AB/train/label/185.tiff
/mnt/data/whispers2023/C2Seg_AB/train/msi/186.tiff,/mnt/data/whispers2023/C2Seg_AB/train/sar/186.tiff,/mnt/data/whispers2023/C2Seg_AB/train/hsi/186.tiff,/mnt/data/whispers2023/C2Seg_AB/train/label/186.tiff
/mnt/data/whispers2023/C2Seg_AB/train/msi/187.tiff,/mnt/data/whispers2023/C2Seg_AB/train/sar/187.tiff,/mnt/data/whispers2023/C2Seg_AB/train/hsi/187.tiff,/mnt/data/whispers2023/C2Seg_AB/train/label/187.tiff
/mnt/data/whispers2023/C2Seg_AB/train/msi/188.tiff,/mnt/data/whispers2023/C2Seg_AB/train/sar/188.tiff,/mnt/data/whispers2023/C2Seg_AB/train/hsi/188.tiff,/mnt/data/whispers2023/C2Seg_AB/train/label/188.tiff
/mnt/data/whispers2023/C2Seg_AB/train/msi/189.tiff,/mnt/data/whispers2023/C2Seg_AB/train/sar/189.tiff,/mnt/data/whispers2023/C2Seg_AB/train/hsi/189.tiff,/mnt/data/whispers2023/C2Seg_AB/train/label/189.tiff
/mnt/data/whispers2023/C2Seg_AB/train/msi/19.tiff,/mnt/data/whispers2023/C2Seg_AB/train/sar/19.tiff,/mnt/data/whispers2023/C2Seg_AB/train/hsi/19.tiff,/mnt/data/whispers2023/C2Seg_AB/train/label/19.tiff
/mnt/data/whispers2023/C2Seg_AB/train/msi/190.tiff,/mnt/data/whispers2023/C2Seg_AB/train/sar/190.tiff,/mnt/data/whispers2023/C2Seg_AB/train/hsi/190.tiff,/mnt/data/whispers2023/C2Seg_AB/train/label/190.tiff
/mnt/data/whispers2023/C2Seg_AB/train/msi/191.tiff,/mnt/data/whispers2023/C2Seg_AB/train/sar/191.tiff,/mnt/data/whispers2023/C2Seg_AB/train/hsi/191.tiff,/mnt/data/whispers2023/C2Seg_AB/train/label/191.tiff
/mnt/data/whispers2023/C2Seg_AB/train/msi/192.tiff,/mnt/data/whispers2023/C2Seg_AB/train/sar/192.tiff,/mnt/data/whispers2023/C2Seg_AB/train/hsi/192.tiff,/mnt/data/whispers2023/C2Seg_AB/train/label/192.tiff
/mnt/data/whispers2023/C2Seg_AB/train/msi/193.tiff,/mnt/data/whispers2023/C2Seg_AB/train/sar/193.tiff,/mnt/data/whispers2023/C2Seg_AB/train/hsi/193.tiff,/mnt/data/whispers2023/C2Seg_AB/train/label/193.tiff
/mnt/data/whispers2023/C2Seg_AB/train/msi/194.tiff,/mnt/data/whispers2023/C2Seg_AB/train/sar/194.tiff,/mnt/data/whispers2023/C2Seg_AB/train/hsi/194.tiff,/mnt/data/whispers2023/C2Seg_AB/train/label/194.tiff
/mnt/data/whispers2023/C2Seg_AB/train/msi/195.tiff,/mnt/data/whispers2023/C2Seg_AB/train/sar/195.tiff,/mnt/data/whispers2023/C2Seg_AB/train/hsi/195.tiff,/mnt/data/whispers2023/C2Seg_AB/train/label/195.tiff
/mnt/data/whispers2023/C2Seg_AB/train/msi/196.tiff,/mnt/data/whispers2023/C2Seg_AB/train/sar/196.tiff,/mnt/data/whispers2023/C2Seg_AB/train/hsi/196.tiff,/mnt/data/whispers2023/C2Seg_AB/train/label/196.tiff
/mnt/data/whispers2023/C2Seg_AB/train/msi/197.tiff,/mnt/data/whispers2023/C2Seg_AB/train/sar/197.tiff,/mnt/data/whispers2023/C2Seg_AB/train/hsi/197.tiff,/mnt/data/whispers2023/C2Seg_AB/train/label/197.tiff
/mnt/data/whispers2023/C2Seg_AB/train/msi/198.tiff,/mnt/data/whispers2023/C2Seg_AB/train/sar/198.tiff,/mnt/data/whispers2023/C2Seg_AB/train/hsi/198.tiff,/mnt/data/whispers2023/C2Seg_AB/train/label/198.tiff
/mnt/data/whispers2023/C2Seg_AB/train/msi/199.tiff,/mnt/data/whispers2023/C2Seg_AB/train/sar/199.tiff,/mnt/data/whispers2023/C2Seg_AB/train/hsi/199.tiff,/mnt/data/whispers2023/C2Seg_AB/train/label/199.tiff
/mnt/data/whispers2023/C2Seg_AB/train/msi/2.tiff,/mnt/data/whispers2023/C2Seg_AB/train/sar/2.tiff,/mnt/data/whispers2023/C2Seg_AB/train/hsi/2.tiff,/mnt/data/whispers2023/C2Seg_AB/train/label/2.tiff
/mnt/data/whispers2023/C2Seg_AB/train/msi/20.tiff,/mnt/data/whispers2023/C2Seg_AB/train/sar/20.tiff,/mnt/data/whispers2023/C2Seg_AB/train/hsi/20.tiff,/mnt/data/whispers2023/C2Seg_AB/train/label/20.tiff
/mnt/data/whispers2023/C2Seg_AB/train/msi/200.tiff,/mnt/data/whispers2023/C2Seg_AB/train/sar/200.tiff,/mnt/data/whispers2023/C2Seg_AB/train/hsi/200.tiff,/mnt/data/whispers2023/C2Seg_AB/train/label/200.tiff
/mnt/data/whispers2023/C2Seg_AB/train/msi/201.tiff,/mnt/data/whispers2023/C2Seg_AB/train/sar/201.tiff,/mnt/data/whispers2023/C2Seg_AB/train/hsi/201.tiff,/mnt/data/whispers2023/C2Seg_AB/train/label/201.tiff
/mnt/data/whispers2023/C2Seg_AB/train/msi/202.tiff,/mnt/data/whispers2023/C2Seg_AB/train/sar/202.tiff,/mnt/data/whispers2023/C2Seg_AB/train/hsi/202.tiff,/mnt/data/whispers2023/C2Seg_AB/train/label/202.tiff
/mnt/data/whispers2023/C2Seg_AB/train/msi/203.tiff,/mnt/data/whispers2023/C2Seg_AB/train/sar/203.tiff,/mnt/data/whispers2023/C2Seg_AB/train/hsi/203.tiff,/mnt/data/whispers2023/C2Seg_AB/train/label/203.tiff
/mnt/data/whispers2023/C2Seg_AB/train/msi/204.tiff,/mnt/data/whispers2023/C2Seg_AB/train/sar/204.tiff,/mnt/data/whispers2023/C2Seg_AB/train/hsi/204.tiff,/mnt/data/whispers2023/C2Seg_AB/train/label/204.tiff
/mnt/data/whispers2023/C2Seg_AB/train/msi/205.tiff,/mnt/data/whispers2023/C2Seg_AB/train/sar/205.tiff,/mnt/data/whispers2023/C2Seg_AB/train/hsi/205.tiff,/mnt/data/whispers2023/C2Seg_AB/train/label/205.tiff
/mnt/data/whispers2023/C2Seg_AB/train/msi/206.tiff,/mnt/data/whispers2023/C2Seg_AB/train/sar/206.tiff,/mnt/data/whispers2023/C2Seg_AB/train/hsi/206.tiff,/mnt/data/whispers2023/C2Seg_AB/train/label/206.tiff
/mnt/data/whispers2023/C2Seg_AB/train/msi/207.tiff,/mnt/data/whispers2023/C2Seg_AB/train/sar/207.tiff,/mnt/data/whispers2023/C2Seg_AB/train/hsi/207.tiff,/mnt/data/whispers2023/C2Seg_AB/train/label/207.tiff
/mnt/data/whispers2023/C2Seg_AB/train/msi/208.tiff,/mnt/data/whispers2023/C2Seg_AB/train/sar/208.tiff,/mnt/data/whispers2023/C2Seg_AB/train/hsi/208.tiff,/mnt/data/whispers2023/C2Seg_AB/train/label/208.tiff
/mnt/data/whispers2023/C2Seg_AB/train/msi/209.tiff,/mnt/data/whispers2023/C2Seg_AB/train/sar/209.tiff,/mnt/data/whispers2023/C2Seg_AB/train/hsi/209.tiff,/mnt/data/whispers2023/C2Seg_AB/train/label/209.tiff
/mnt/data/whispers2023/C2Seg_AB/train/msi/21.tiff,/mnt/data/whispers2023/C2Seg_AB/train/sar/21.tiff,/mnt/data/whispers2023/C2Seg_AB/train/hsi/21.tiff,/mnt/data/whispers2023/C2Seg_AB/train/label/21.tiff
/mnt/data/whispers2023/C2Seg_AB/train/msi/210.tiff,/mnt/data/whispers2023/C2Seg_AB/train/sar/210.tiff,/mnt/data/whispers2023/C2Seg_AB/train/hsi/210.tiff,/mnt/data/whispers2023/C2Seg_AB/train/label/210.tiff
/mnt/data/whispers2023/C2Seg_AB/train/msi/211.tiff,/mnt/data/whispers2023/C2Seg_AB/train/sar/211.tiff,/mnt/data/whispers2023/C2Seg_AB/train/hsi/211.tiff,/mnt/data/whispers2023/C2Seg_AB/train/label/211.tiff
/mnt/data/whispers2023/C2Seg_AB/train/msi/212.tiff,/mnt/data/whispers2023/C2Seg_AB/train/sar/212.tiff,/mnt/data/whispers2023/C2Seg_AB/train/hsi/212.tiff,/mnt/data/whispers2023/C2Seg_AB/train/label/212.tiff
/mnt/data/whispers2023/C2Seg_AB/train/msi/213.tiff,/mnt/data/whispers2023/C2Seg_AB/train/sar/213.tiff,/mnt/data/whispers2023/C2Seg_AB/train/hsi/213.tiff,/mnt/data/whispers2023/C2Seg_AB/train/label/213.tiff
/mnt/data/whispers2023/C2Seg_AB/train/msi/214.tiff,/mnt/data/whispers2023/C2Seg_AB/train/sar/214.tiff,/mnt/data/whispers2023/C2Seg_AB/train/hsi/214.tiff,/mnt/data/whispers2023/C2Seg_AB/train/label/214.tiff
/mnt/data/whispers2023/C2Seg_AB/train/msi/215.tiff,/mnt/data/whispers2023/C2Seg_AB/train/sar/215.tiff,/mnt/data/whispers2023/C2Seg_AB/train/hsi/215.tiff,/mnt/data/whispers2023/C2Seg_AB/train/label/215.tiff
/mnt/data/whispers2023/C2Seg_AB/train/msi/216.tiff,/mnt/data/whispers2023/C2Seg_AB/train/sar/216.tiff,/mnt/data/whispers2023/C2Seg_AB/train/hsi/216.tiff,/mnt/data/whispers2023/C2Seg_AB/train/label/216.tiff
/mnt/data/whispers2023/C2Seg_AB/train/msi/217.tiff,/mnt/data/whispers2023/C2Seg_AB/train/sar/217.tiff,/mnt/data/whispers2023/C2Seg_AB/train/hsi/217.tiff,/mnt/data/whispers2023/C2Seg_AB/train/label/217.tiff
/mnt/data/whispers2023/C2Seg_AB/train/msi/218.tiff,/mnt/data/whispers2023/C2Seg_AB/train/sar/218.tiff,/mnt/data/whispers2023/C2Seg_AB/train/hsi/218.tiff,/mnt/data/whispers2023/C2Seg_AB/train/label/218.tiff
/mnt/data/whispers2023/C2Seg_AB/train/msi/219.tiff,/mnt/data/whispers2023/C2Seg_AB/train/sar/219.tiff,/mnt/data/whispers2023/C2Seg_AB/train/hsi/219.tiff,/mnt/data/whispers2023/C2Seg_AB/train/label/219.tiff
/mnt/data/whispers2023/C2Seg_AB/train/msi/22.tiff,/mnt/data/whispers2023/C2Seg_AB/train/sar/22.tiff,/mnt/data/whispers2023/C2Seg_AB/train/hsi/22.tiff,/mnt/data/whispers2023/C2Seg_AB/train/label/22.tiff
/mnt/data/whispers2023/C2Seg_AB/train/msi/220.tiff,/mnt/data/whispers2023/C2Seg_AB/train/sar/220.tiff,/mnt/data/whispers2023/C2Seg_AB/train/hsi/220.tiff,/mnt/data/whispers2023/C2Seg_AB/train/label/220.tiff
/mnt/data/whispers2023/C2Seg_AB/train/msi/221.tiff,/mnt/data/whispers2023/C2Seg_AB/train/sar/221.tiff,/mnt/data/whispers2023/C2Seg_AB/train/hsi/221.tiff,/mnt/data/whispers2023/C2Seg_AB/train/label/221.tiff
/mnt/data/whispers2023/C2Seg_AB/train/msi/222.tiff,/mnt/data/whispers2023/C2Seg_AB/train/sar/222.tiff,/mnt/data/whispers2023/C2Seg_AB/train/hsi/222.tiff,/mnt/data/whispers2023/C2Seg_AB/train/label/222.tiff
/mnt/data/whispers2023/C2Seg_AB/train/msi/223.tiff,/mnt/data/whispers2023/C2Seg_AB/train/sar/223.tiff,/mnt/data/whispers2023/C2Seg_AB/train/hsi/223.tiff,/mnt/data/whispers2023/C2Seg_AB/train/label/223.tiff
/mnt/data/whispers2023/C2Seg_AB/train/msi/224.tiff,/mnt/data/whispers2023/C2Seg_AB/train/sar/224.tiff,/mnt/data/whispers2023/C2Seg_AB/train/hsi/224.tiff,/mnt/data/whispers2023/C2Seg_AB/train/label/224.tiff
/mnt/data/whispers2023/C2Seg_AB/train/msi/225.tiff,/mnt/data/whispers2023/C2Seg_AB/train/sar/225.tiff,/mnt/data/whispers2023/C2Seg_AB/train/hsi/225.tiff,/mnt/data/whispers2023/C2Seg_AB/train/label/225.tiff
/mnt/data/whispers2023/C2Seg_AB/train/msi/226.tiff,/mnt/data/whispers2023/C2Seg_AB/train/sar/226.tiff,/mnt/data/whispers2023/C2Seg_AB/train/hsi/226.tiff,/mnt/data/whispers2023/C2Seg_AB/train/label/226.tiff
/mnt/data/whispers2023/C2Seg_AB/train/msi/227.tiff,/mnt/data/whispers2023/C2Seg_AB/train/sar/227.tiff,/mnt/data/whispers2023/C2Seg_AB/train/hsi/227.tiff,/mnt/data/whispers2023/C2Seg_AB/train/label/227.tiff
/mnt/data/whispers2023/C2Seg_AB/train/msi/228.tiff,/mnt/data/whispers2023/C2Seg_AB/train/sar/228.tiff,/mnt/data/whispers2023/C2Seg_AB/train/hsi/228.tiff,/mnt/data/whispers2023/C2Seg_AB/train/label/228.tiff
/mnt/data/whispers2023/C2Seg_AB/train/msi/229.tiff,/mnt/data/whispers2023/C2Seg_AB/train/sar/229.tiff,/mnt/data/whispers2023/C2Seg_AB/train/hsi/229.tiff,/mnt/data/whispers2023/C2Seg_AB/train/label/229.tiff
/mnt/data/whispers2023/C2Seg_AB/train/msi/23.tiff,/mnt/data/whispers2023/C2Seg_AB/train/sar/23.tiff,/mnt/data/whispers2023/C2Seg_AB/train/hsi/23.tiff,/mnt/data/whispers2023/C2Seg_AB/train/label/23.tiff
/mnt/data/whispers2023/C2Seg_AB/train/msi/230.tiff,/mnt/data/whispers2023/C2Seg_AB/train/sar/230.tiff,/mnt/data/whispers2023/C2Seg_AB/train/hsi/230.tiff,/mnt/data/whispers2023/C2Seg_AB/train/label/230.tiff
/mnt/data/whispers2023/C2Seg_AB/train/msi/231.tiff,/mnt/data/whispers2023/C2Seg_AB/train/sar/231.tiff,/mnt/data/whispers2023/C2Seg_AB/train/hsi/231.tiff,/mnt/data/whispers2023/C2Seg_AB/train/label/231.tiff
/mnt/data/whispers2023/C2Seg_AB/train/msi/232.tiff,/mnt/data/whispers2023/C2Seg_AB/train/sar/232.tiff,/mnt/data/whispers2023/C2Seg_AB/train/hsi/232.tiff,/mnt/data/whispers2023/C2Seg_AB/train/label/232.tiff
/mnt/data/whispers2023/C2Seg_AB/train/msi/233.tiff,/mnt/data/whispers2023/C2Seg_AB/train/sar/233.tiff,/mnt/data/whispers2023/C2Seg_AB/train/hsi/233.tiff,/mnt/data/whispers2023/C2Seg_AB/train/label/233.tiff
/mnt/data/whispers2023/C2Seg_AB/train/msi/234.tiff,/mnt/data/whispers2023/C2Seg_AB/train/sar/234.tiff,/mnt/data/whispers2023/C2Seg_AB/train/hsi/234.tiff,/mnt/data/whispers2023/C2Seg_AB/train/label/234.tiff
/mnt/data/whispers2023/C2Seg_AB/train/msi/235.tiff,/mnt/data/whispers2023/C2Seg_AB/train/sar/235.tiff,/mnt/data/whispers2023/C2Seg_AB/train/hsi/235.tiff,/mnt/data/whispers2023/C2Seg_AB/train/label/235.tiff
/mnt/data/whispers2023/C2Seg_AB/train/msi/236.tiff,/mnt/data/whispers2023/C2Seg_AB/train/sar/236.tiff,/mnt/data/whispers2023/C2Seg_AB/train/hsi/236.tiff,/mnt/data/whispers2023/C2Seg_AB/train/label/236.tiff
/mnt/data/whispers2023/C2Seg_AB/train/msi/237.tiff,/mnt/data/whispers2023/C2Seg_AB/train/sar/237.tiff,/mnt/data/whispers2023/C2Seg_AB/train/hsi/237.tiff,/mnt/data/whispers2023/C2Seg_AB/train/label/237.tiff
/mnt/data/whispers2023/C2Seg_AB/train/msi/238.tiff,/mnt/data/whispers2023/C2Seg_AB/train/sar/238.tiff,/mnt/data/whispers2023/C2Seg_AB/train/hsi/238.tiff,/mnt/data/whispers2023/C2Seg_AB/train/label/238.tiff
/mnt/data/whispers2023/C2Seg_AB/train/msi/239.tiff,/mnt/data/whispers2023/C2Seg_AB/train/sar/239.tiff,/mnt/data/whispers2023/C2Seg_AB/train/hsi/239.tiff,/mnt/data/whispers2023/C2Seg_AB/train/label/239.tiff
/mnt/data/whispers2023/C2Seg_AB/train/msi/24.tiff,/mnt/data/whispers2023/C2Seg_AB/train/sar/24.tiff,/mnt/data/whispers2023/C2Seg_AB/train/hsi/24.tiff,/mnt/data/whispers2023/C2Seg_AB/train/label/24.tiff
/mnt/data/whispers2023/C2Seg_AB/train/msi/240.tiff,/mnt/data/whispers2023/C2Seg_AB/train/sar/240.tiff,/mnt/data/whispers2023/C2Seg_AB/train/hsi/240.tiff,/mnt/data/whispers2023/C2Seg_AB/train/label/240.tiff
/mnt/data/whispers2023/C2Seg_AB/train/msi/241.tiff,/mnt/data/whispers2023/C2Seg_AB/train/sar/241.tiff,/mnt/data/whispers2023/C2Seg_AB/train/hsi/241.tiff,/mnt/data/whispers2023/C2Seg_AB/train/label/241.tiff
/mnt/data/whispers2023/C2Seg_AB/train/msi/242.tiff,/mnt/data/whispers2023/C2Seg_AB/train/sar/242.tiff,/mnt/data/whispers2023/C2Seg_AB/train/hsi/242.tiff,/mnt/data/whispers2023/C2Seg_AB/train/label/242.tiff
/mnt/data/whispers2023/C2Seg_AB/train/msi/243.tiff,/mnt/data/whispers2023/C2Seg_AB/train/sar/243.tiff,/mnt/data/whispers2023/C2Seg_AB/train/hsi/243.tiff,/mnt/data/whispers2023/C2Seg_AB/train/label/243.tiff
/mnt/data/whispers2023/C2Seg_AB/train/msi/244.tiff,/mnt/data/whispers2023/C2Seg_AB/train/sar/244.tiff,/mnt/data/whispers2023/C2Seg_AB/train/hsi/244.tiff,/mnt/data/whispers2023/C2Seg_AB/train/label/244.tiff
/mnt/data/whispers2023/C2Seg_AB/train/msi/245.tiff,/mnt/data/whispers2023/C2Seg_AB/train/sar/245.tiff,/mnt/data/whispers2023/C2Seg_AB/train/hsi/245.tiff,/mnt/data/whispers2023/C2Seg_AB/train/label/245.tiff
/mnt/data/whispers2023/C2Seg_AB/train/msi/246.tiff,/mnt/data/whispers2023/C2Seg_AB/train/sar/246.tiff,/mnt/data/whispers2023/C2Seg_AB/train/hsi/246.tiff,/mnt/data/whispers2023/C2Seg_AB/train/label/246.tiff
/mnt/data/whispers2023/C2Seg_AB/train/msi/247.tiff,/mnt/data/whispers2023/C2Seg_AB/train/sar/247.tiff,/mnt/data/whispers2023/C2Seg_AB/train/hsi/247.tiff,/mnt/data/whispers2023/C2Seg_AB/train/label/247.tiff
/mnt/data/whispers2023/C2Seg_AB/train/msi/248.tiff,/mnt/data/whispers2023/C2Seg_AB/train/sar/248.tiff,/mnt/data/whispers2023/C2Seg_AB/train/hsi/248.tiff,/mnt/data/whispers2023/C2Seg_AB/train/label/248.tiff
/mnt/data/whispers2023/C2Seg_AB/train/msi/249.tiff,/mnt/data/whispers2023/C2Seg_AB/train/sar/249.tiff,/mnt/data/whispers2023/C2Seg_AB/train/hsi/249.tiff,/mnt/data/whispers2023/C2Seg_AB/train/label/249.tiff
/mnt/data/whispers2023/C2Seg_AB/train/msi/25.tiff,/mnt/data/whispers2023/C2Seg_AB/train/sar/25.tiff,/mnt/data/whispers2023/C2Seg_AB/train/hsi/25.tiff,/mnt/data/whispers2023/C2Seg_AB/train/label/25.tiff
/mnt/data/whispers2023/C2Seg_AB/train/msi/250.tiff,/mnt/data/whispers2023/C2Seg_AB/train/sar/250.tiff,/mnt/data/whispers2023/C2Seg_AB/train/hsi/250.tiff,/mnt/data/whispers2023/C2Seg_AB/train/label/250.tiff
/mnt/data/whispers2023/C2Seg_AB/train/msi/251.tiff,/mnt/data/whispers2023/C2Seg_AB/train/sar/251.tiff,/mnt/data/whispers2023/C2Seg_AB/train/hsi/251.tiff,/mnt/data/whispers2023/C2Seg_AB/train/label/251.tiff
/mnt/data/whispers2023/C2Seg_AB/train/msi/252.tiff,/mnt/data/whispers2023/C2Seg_AB/train/sar/252.tiff,/mnt/data/whispers2023/C2Seg_AB/train/hsi/252.tiff,/mnt/data/whispers2023/C2Seg_AB/train/label/252.tiff
/mnt/data/whispers2023/C2Seg_AB/train/msi/253.tiff,/mnt/data/whispers2023/C2Seg_AB/train/sar/253.tiff,/mnt/data/whispers2023/C2Seg_AB/train/hsi/253.tiff,/mnt/data/whispers2023/C2Seg_AB/train/label/253.tiff
/mnt/data/whispers2023/C2Seg_AB/train/msi/254.tiff,/mnt/data/whispers2023/C2Seg_AB/train/sar/254.tiff,/mnt/data/whispers2023/C2Seg_AB/train/hsi/254.tiff,/mnt/data/whispers2023/C2Seg_AB/train/label/254.tiff
/mnt/data/whispers2023/C2Seg_AB/train/msi/255.tiff,/mnt/data/whispers2023/C2Seg_AB/train/sar/255.tiff,/mnt/data/whispers2023/C2Seg_AB/train/hsi/255.tiff,/mnt/data/whispers2023/C2Seg_AB/train/label/255.tiff
/mnt/data/whispers2023/C2Seg_AB/train/msi/256.tiff,/mnt/data/whispers2023/C2Seg_AB/train/sar/256.tiff,/mnt/data/whispers2023/C2Seg_AB/train/hsi/256.tiff,/mnt/data/whispers2023/C2Seg_AB/train/label/256.tiff
/mnt/data/whispers2023/C2Seg_AB/train/msi/257.tiff,/mnt/data/whispers2023/C2Seg_AB/train/sar/257.tiff,/mnt/data/whispers2023/C2Seg_AB/train/hsi/257.tiff,/mnt/data/whispers2023/C2Seg_AB/train/label/257.tiff
/mnt/data/whispers2023/C2Seg_AB/train/msi/258.tiff,/mnt/data/whispers2023/C2Seg_AB/train/sar/258.tiff,/mnt/data/whispers2023/C2Seg_AB/train/hsi/258.tiff,/mnt/data/whispers2023/C2Seg_AB/train/label/258.tiff
/mnt/data/whispers2023/C2Seg_AB/train/msi/259.tiff,/mnt/data/whispers2023/C2Seg_AB/train/sar/259.tiff,/mnt/data/whispers2023/C2Seg_AB/train/hsi/259.tiff,/mnt/data/whispers2023/C2Seg_AB/train/label/259.tiff
/mnt/data/whispers2023/C2Seg_AB/train/msi/26.tiff,/mnt/data/whispers2023/C2Seg_AB/train/sar/26.tiff,/mnt/data/whispers2023/C2Seg_AB/train/hsi/26.tiff,/mnt/data/whispers2023/C2Seg_AB/train/label/26.tiff
/mnt/data/whispers2023/C2Seg_AB/train/msi/260.tiff,/mnt/data/whispers2023/C2Seg_AB/train/sar/260.tiff,/mnt/data/whispers2023/C2Seg_AB/train/hsi/260.tiff,/mnt/data/whispers2023/C2Seg_AB/train/label/260.tiff
/mnt/data/whispers2023/C2Seg_AB/train/msi/261.tiff,/mnt/data/whispers2023/C2Seg_AB/train/sar/261.tiff,/mnt/data/whispers2023/C2Seg_AB/train/hsi/261.tiff,/mnt/data/whispers2023/C2Seg_AB/train/label/261.tiff
/mnt/data/whispers2023/C2Seg_AB/train/msi/262.tiff,/mnt/data/whispers2023/C2Seg_AB/train/sar/262.tiff,/mnt/data/whispers2023/C2Seg_AB/train/hsi/262.tiff,/mnt/data/whispers2023/C2Seg_AB/train/label/262.tiff
/mnt/data/whispers2023/C2Seg_AB/train/msi/263.tiff,/mnt/data/whispers2023/C2Seg_AB/train/sar/263.tiff,/mnt/data/whispers2023/C2Seg_AB/train/hsi/263.tiff,/mnt/data/whispers2023/C2Seg_AB/train/label/263.tiff
/mnt/data/whispers2023/C2Seg_AB/train/msi/264.tiff,/mnt/data/whispers2023/C2Seg_AB/train/sar/264.tiff,/mnt/data/whispers2023/C2Seg_AB/train/hsi/264.tiff,/mnt/data/whispers2023/C2Seg_AB/train/label/264.tiff
/mnt/data/whispers2023/C2Seg_AB/train/msi/265.tiff,/mnt/data/whispers2023/C2Seg_AB/train/sar/265.tiff,/mnt/data/whispers2023/C2Seg_AB/train/hsi/265.tiff,/mnt/data/whispers2023/C2Seg_AB/train/label/265.tiff
/mnt/data/whispers2023/C2Seg_AB/train/msi/266.tiff,/mnt/data/whispers2023/C2Seg_AB/train/sar/266.tiff,/mnt/data/whispers2023/C2Seg_AB/train/hsi/266.tiff,/mnt/data/whispers2023/C2Seg_AB/train/label/266.tiff
/mnt/data/whispers2023/C2Seg_AB/train/msi/267.tiff,/mnt/data/whispers2023/C2Seg_AB/train/sar/267.tiff,/mnt/data/whispers2023/C2Seg_AB/train/hsi/267.tiff,/mnt/data/whispers2023/C2Seg_AB/train/label/267.tiff
/mnt/data/whispers2023/C2Seg_AB/train/msi/268.tiff,/mnt/data/whispers2023/C2Seg_AB/train/sar/268.tiff,/mnt/data/whispers2023/C2Seg_AB/train/hsi/268.tiff,/mnt/data/whispers2023/C2Seg_AB/train/label/268.tiff
/mnt/data/whispers2023/C2Seg_AB/train/msi/269.tiff,/mnt/data/whispers2023/C2Seg_AB/train/sar/269.tiff,/mnt/data/whispers2023/C2Seg_AB/train/hsi/269.tiff,/mnt/data/whispers2023/C2Seg_AB/train/label/269.tiff
/mnt/data/whispers2023/C2Seg_AB/train/msi/27.tiff,/mnt/data/whispers2023/C2Seg_AB/train/sar/27.tiff,/mnt/data/whispers2023/C2Seg_AB/train/hsi/27.tiff,/mnt/data/whispers2023/C2Seg_AB/train/label/27.tiff
/mnt/data/whispers2023/C2Seg_AB/train/msi/270.tiff,/mnt/data/whispers2023/C2Seg_AB/train/sar/270.tiff,/mnt/data/whispers2023/C2Seg_AB/train/hsi/270.tiff,/mnt/data/whispers2023/C2Seg_AB/train/label/270.tiff
/mnt/data/whispers2023/C2Seg_AB/train/msi/271.tiff,/mnt/data/whispers2023/C2Seg_AB/train/sar/271.tiff,/mnt/data/whispers2023/C2Seg_AB/train/hsi/271.tiff,/mnt/data/whispers2023/C2Seg_AB/train/label/271.tiff
/mnt/data/whispers2023/C2Seg_AB/train/msi/272.tiff,/mnt/data/whispers2023/C2Seg_AB/train/sar/272.tiff,/mnt/data/whispers2023/C2Seg_AB/train/hsi/272.tiff,/mnt/data/whispers2023/C2Seg_AB/train/label/272.tiff
/mnt/data/whispers2023/C2Seg_AB/train/msi/28.tiff,/mnt/data/whispers2023/C2Seg_AB/train/sar/28.tiff,/mnt/data/whispers2023/C2Seg_AB/train/hsi/28.tiff,/mnt/data/whispers2023/C2Seg_AB/train/label/28.tiff
/mnt/data/whispers2023/C2Seg_AB/train/msi/29.tiff,/mnt/data/whispers2023/C2Seg_AB/train/sar/29.tiff,/mnt/data/whispers2023/C2Seg_AB/train/hsi/29.tiff,/mnt/data/whispers2023/C2Seg_AB/train/label/29.tiff
/mnt/data/whispers2023/C2Seg_AB/train/msi/3.tiff,/mnt/data/whispers2023/C2Seg_AB/train/sar/3.tiff,/mnt/data/whispers2023/C2Seg_AB/train/hsi/3.tiff,/mnt/data/whispers2023/C2Seg_AB/train/label/3.tiff
/mnt/data/whispers2023/C2Seg_AB/train/msi/30.tiff,/mnt/data/whispers2023/C2Seg_AB/train/sar/30.tiff,/mnt/data/whispers2023/C2Seg_AB/train/hsi/30.tiff,/mnt/data/whispers2023/C2Seg_AB/train/label/30.tiff
/mnt/data/whispers2023/C2Seg_AB/train/msi/31.tiff,/mnt/data/whispers2023/C2Seg_AB/train/sar/31.tiff,/mnt/data/whispers2023/C2Seg_AB/train/hsi/31.tiff,/mnt/data/whispers2023/C2Seg_AB/train/label/31.tiff
/mnt/data/whispers2023/C2Seg_AB/train/msi/32.tiff,/mnt/data/whispers2023/C2Seg_AB/train/sar/32.tiff,/mnt/data/whispers2023/C2Seg_AB/train/hsi/32.tiff,/mnt/data/whispers2023/C2Seg_AB/train/label/32.tiff
/mnt/data/whispers2023/C2Seg_AB/train/msi/33.tiff,/mnt/data/whispers2023/C2Seg_AB/train/sar/33.tiff,/mnt/data/whispers2023/C2Seg_AB/train/hsi/33.tiff,/mnt/data/whispers2023/C2Seg_AB/train/label/33.tiff
/mnt/data/whispers2023/C2Seg_AB/train/msi/34.tiff,/mnt/data/whispers2023/C2Seg_AB/train/sar/34.tiff,/mnt/data/whispers2023/C2Seg_AB/train/hsi/34.tiff,/mnt/data/whispers2023/C2Seg_AB/train/label/34.tiff
/mnt/data/whispers2023/C2Seg_AB/train/msi/35.tiff,/mnt/data/whispers2023/C2Seg_AB/train/sar/35.tiff,/mnt/data/whispers2023/C2Seg_AB/train/hsi/35.tiff,/mnt/data/whispers2023/C2Seg_AB/train/label/35.tiff
/mnt/data/whispers2023/C2Seg_AB/train/msi/36.tiff,/mnt/data/whispers2023/C2Seg_AB/train/sar/36.tiff,/mnt/data/whispers2023/C2Seg_AB/train/hsi/36.tiff,/mnt/data/whispers2023/C2Seg_AB/train/label/36.tiff
/mnt/data/whispers2023/C2Seg_AB/train/msi/37.tiff,/mnt/data/whispers2023/C2Seg_AB/train/sar/37.tiff,/mnt/data/whispers2023/C2Seg_AB/train/hsi/37.tiff,/mnt/data/whispers2023/C2Seg_AB/train/label/37.tiff
/mnt/data/whispers2023/C2Seg_AB/train/msi/38.tiff,/mnt/data/whispers2023/C2Seg_AB/train/sar/38.tiff,/mnt/data/whispers2023/C2Seg_AB/train/hsi/38.tiff,/mnt/data/whispers2023/C2Seg_AB/train/label/38.tiff
/mnt/data/whispers2023/C2Seg_AB/train/msi/39.tiff,/mnt/data/whispers2023/C2Seg_AB/train/sar/39.tiff,/mnt/data/whispers2023/C2Seg_AB/train/hsi/39.tiff,/mnt/data/whispers2023/C2Seg_AB/train/label/39.tiff
/mnt/data/whispers2023/C2Seg_AB/train/msi/4.tiff,/mnt/data/whispers2023/C2Seg_AB/train/sar/4.tiff,/mnt/data/whispers2023/C2Seg_AB/train/hsi/4.tiff,/mnt/data/whispers2023/C2Seg_AB/train/label/4.tiff
/mnt/data/whispers2023/C2Seg_AB/train/msi/40.tiff,/mnt/data/whispers2023/C2Seg_AB/train/sar/40.tiff,/mnt/data/whispers2023/C2Seg_AB/train/hsi/40.tiff,/mnt/data/whispers2023/C2Seg_AB/train/label/40.tiff
/mnt/data/whispers2023/C2Seg_AB/train/msi/41.tiff,/mnt/data/whispers2023/C2Seg_AB/train/sar/41.tiff,/mnt/data/whispers2023/C2Seg_AB/train/hsi/41.tiff,/mnt/data/whispers2023/C2Seg_AB/train/label/41.tiff
/mnt/data/whispers2023/C2Seg_AB/train/msi/42.tiff,/mnt/data/whispers2023/C2Seg_AB/train/sar/42.tiff,/mnt/data/whispers2023/C2Seg_AB/train/hsi/42.tiff,/mnt/data/whispers2023/C2Seg_AB/train/label/42.tiff
/mnt/data/whispers2023/C2Seg_AB/train/msi/43.tiff,/mnt/data/whispers2023/C2Seg_AB/train/sar/43.tiff,/mnt/data/whispers2023/C2Seg_AB/train/hsi/43.tiff,/mnt/data/whispers2023/C2Seg_AB/train/label/43.tiff
/mnt/data/whispers2023/C2Seg_AB/train/msi/44.tiff,/mnt/data/whispers2023/C2Seg_AB/train/sar/44.tiff,/mnt/data/whispers2023/C2Seg_AB/train/hsi/44.tiff,/mnt/data/whispers2023/C2Seg_AB/train/label/44.tiff
/mnt/data/whispers2023/C2Seg_AB/train/msi/45.tiff,/mnt/data/whispers2023/C2Seg_AB/train/sar/45.tiff,/mnt/data/whispers2023/C2Seg_AB/train/hsi/45.tiff,/mnt/data/whispers2023/C2Seg_AB/train/label/45.tiff
/mnt/data/whispers2023/C2Seg_AB/train/msi/46.tiff,/mnt/data/whispers2023/C2Seg_AB/train/sar/46.tiff,/mnt/data/whispers2023/C2Seg_AB/train/hsi/46.tiff,/mnt/data/whispers2023/C2Seg_AB/train/label/46.tiff
/mnt/data/whispers2023/C2Seg_AB/train/msi/47.tiff,/mnt/data/whispers2023/C2Seg_AB/train/sar/47.tiff,/mnt/data/whispers2023/C2Seg_AB/train/hsi/47.tiff,/mnt/data/whispers2023/C2Seg_AB/train/label/47.tiff
/mnt/data/whispers2023/C2Seg_AB/train/msi/48.tiff,/mnt/data/whispers2023/C2Seg_AB/train/sar/48.tiff,/mnt/data/whispers2023/C2Seg_AB/train/hsi/48.tiff,/mnt/data/whispers2023/C2Seg_AB/train/label/48.tiff
/mnt/data/whispers2023/C2Seg_AB/train/msi/49.tiff,/mnt/data/whispers2023/C2Seg_AB/train/sar/49.tiff,/mnt/data/whispers2023/C2Seg_AB/train/hsi/49.tiff,/mnt/data/whispers2023/C2Seg_AB/train/label/49.tiff
/mnt/data/whispers2023/C2Seg_AB/train/msi/5.tiff,/mnt/data/whispers2023/C2Seg_AB/train/sar/5.tiff,/mnt/data/whispers2023/C2Seg_AB/train/hsi/5.tiff,/mnt/data/whispers2023/C2Seg_AB/train/label/5.tiff
/mnt/data/whispers2023/C2Seg_AB/train/msi/50.tiff,/mnt/data/whispers2023/C2Seg_AB/train/sar/50.tiff,/mnt/data/whispers2023/C2Seg_AB/train/hsi/50.tiff,/mnt/data/whispers2023/C2Seg_AB/train/label/50.tiff
/mnt/data/whispers2023/C2Seg_AB/train/msi/51.tiff,/mnt/data/whispers2023/C2Seg_AB/train/sar/51.tiff,/mnt/data/whispers2023/C2Seg_AB/train/hsi/51.tiff,/mnt/data/whispers2023/C2Seg_AB/train/label/51.tiff
/mnt/data/whispers2023/C2Seg_AB/train/msi/52.tiff,/mnt/data/whispers2023/C2Seg_AB/train/sar/52.tiff,/mnt/data/whispers2023/C2Seg_AB/train/hsi/52.tiff,/mnt/data/whispers2023/C2Seg_AB/train/label/52.tiff
/mnt/data/whispers2023/C2Seg_AB/train/msi/53.tiff,/mnt/data/whispers2023/C2Seg_AB/train/sar/53.tiff,/mnt/data/whispers2023/C2Seg_AB/train/hsi/53.tiff,/mnt/data/whispers2023/C2Seg_AB/train/label/53.tiff
/mnt/data/whispers2023/C2Seg_AB/train/msi/54.tiff,/mnt/data/whispers2023/C2Seg_AB/train/sar/54.tiff,/mnt/data/whispers2023/C2Seg_AB/train/hsi/54.tiff,/mnt/data/whispers2023/C2Seg_AB/train/label/54.tiff
/mnt/data/whispers2023/C2Seg_AB/train/msi/55.tiff,/mnt/data/whispers2023/C2Seg_AB/train/sar/55.tiff,/mnt/data/whispers2023/C2Seg_AB/train/hsi/55.tiff,/mnt/data/whispers2023/C2Seg_AB/train/label/55.tiff
/mnt/data/whispers2023/C2Seg_AB/train/msi/56.tiff,/mnt/data/whispers2023/C2Seg_AB/train/sar/56.tiff,/mnt/data/whispers2023/C2Seg_AB/train/hsi/56.tiff,/mnt/data/whispers2023/C2Seg_AB/train/label/56.tiff
/mnt/data/whispers2023/C2Seg_AB/train/msi/57.tiff,/mnt/data/whispers2023/C2Seg_AB/train/sar/57.tiff,/mnt/data/whispers2023/C2Seg_AB/train/hsi/57.tiff,/mnt/data/whispers2023/C2Seg_AB/train/label/57.tiff
/mnt/data/whispers2023/C2Seg_AB/train/msi/58.tiff,/mnt/data/whispers2023/C2Seg_AB/train/sar/58.tiff,/mnt/data/whispers2023/C2Seg_AB/train/hsi/58.tiff,/mnt/data/whispers2023/C2Seg_AB/train/label/58.tiff
/mnt/data/whispers2023/C2Seg_AB/train/msi/59.tiff,/mnt/data/whispers2023/C2Seg_AB/train/sar/59.tiff,/mnt/data/whispers2023/C2Seg_AB/train/hsi/59.tiff,/mnt/data/whispers2023/C2Seg_AB/train/label/59.tiff
/mnt/data/whispers2023/C2Seg_AB/train/msi/6.tiff,/mnt/data/whispers2023/C2Seg_AB/train/sar/6.tiff,/mnt/data/whispers2023/C2Seg_AB/train/hsi/6.tiff,/mnt/data/whispers2023/C2Seg_AB/train/label/6.tiff
/mnt/data/whispers2023/C2Seg_AB/train/msi/60.tiff,/mnt/data/whispers2023/C2Seg_AB/train/sar/60.tiff,/mnt/data/whispers2023/C2Seg_AB/train/hsi/60.tiff,/mnt/data/whispers2023/C2Seg_AB/train/label/60.tiff
/mnt/data/whispers2023/C2Seg_AB/train/msi/61.tiff,/mnt/data/whispers2023/C2Seg_AB/train/sar/61.tiff,/mnt/data/whispers2023/C2Seg_AB/train/hsi/61.tiff,/mnt/data/whispers2023/C2Seg_AB/train/label/61.tiff
/mnt/data/whispers2023/C2Seg_AB/train/msi/62.tiff,/mnt/data/whispers2023/C2Seg_AB/train/sar/62.tiff,/mnt/data/whispers2023/C2Seg_AB/train/hsi/62.tiff,/mnt/data/whispers2023/C2Seg_AB/train/label/62.tiff
/mnt/data/whispers2023/C2Seg_AB/train/msi/63.tiff,/mnt/data/whispers2023/C2Seg_AB/train/sar/63.tiff,/mnt/data/whispers2023/C2Seg_AB/train/hsi/63.tiff,/mnt/data/whispers2023/C2Seg_AB/train/label/63.tiff
/mnt/data/whispers2023/C2Seg_AB/train/msi/64.tiff,/mnt/data/whispers2023/C2Seg_AB/train/sar/64.tiff,/mnt/data/whispers2023/C2Seg_AB/train/hsi/64.tiff,/mnt/data/whispers2023/C2Seg_AB/train/label/64.tiff
/mnt/data/whispers2023/C2Seg_AB/train/msi/65.tiff,/mnt/data/whispers2023/C2Seg_AB/train/sar/65.tiff,/mnt/data/whispers2023/C2Seg_AB/train/hsi/65.tiff,/mnt/data/whispers2023/C2Seg_AB/train/label/65.tiff
/mnt/data/whispers2023/C2Seg_AB/train/msi/66.tiff,/mnt/data/whispers2023/C2Seg_AB/train/sar/66.tiff,/mnt/data/whispers2023/C2Seg_AB/train/hsi/66.tiff,/mnt/data/whispers2023/C2Seg_AB/train/label/66.tiff
/mnt/data/whispers2023/C2Seg_AB/train/msi/67.tiff,/mnt/data/whispers2023/C2Seg_AB/train/sar/67.tiff,/mnt/data/whispers2023/C2Seg_AB/train/hsi/67.tiff,/mnt/data/whispers2023/C2Seg_AB/train/label/67.tiff
/mnt/data/whispers2023/C2Seg_AB/train/msi/68.tiff,/mnt/data/whispers2023/C2Seg_AB/train/sar/68.tiff,/mnt/data/whispers2023/C2Seg_AB/train/hsi/68.tiff,/mnt/data/whispers2023/C2Seg_AB/train/label/68.tiff
/mnt/data/whispers2023/C2Seg_AB/train/msi/69.tiff,/mnt/data/whispers2023/C2Seg_AB/train/sar/69.tiff,/mnt/data/whispers2023/C2Seg_AB/train/hsi/69.tiff,/mnt/data/whispers2023/C2Seg_AB/train/label/69.tiff
/mnt/data/whispers2023/C2Seg_AB/train/msi/7.tiff,/mnt/data/whispers2023/C2Seg_AB/train/sar/7.tiff,/mnt/data/whispers2023/C2Seg_AB/train/hsi/7.tiff,/mnt/data/whispers2023/C2Seg_AB/train/label/7.tiff
/mnt/data/whispers2023/C2Seg_AB/train/msi/70.tiff,/mnt/data/whispers2023/C2Seg_AB/train/sar/70.tiff,/mnt/data/whispers2023/C2Seg_AB/train/hsi/70.tiff,/mnt/data/whispers2023/C2Seg_AB/train/label/70.tiff
/mnt/data/whispers2023/C2Seg_AB/train/msi/71.tiff,/mnt/data/whispers2023/C2Seg_AB/train/sar/71.tiff,/mnt/data/whispers2023/C2Seg_AB/train/hsi/71.tiff,/mnt/data/whispers2023/C2Seg_AB/train/label/71.tiff
/mnt/data/whispers2023/C2Seg_AB/train/msi/72.tiff,/mnt/data/whispers2023/C2Seg_AB/train/sar/72.tiff,/mnt/data/whispers2023/C2Seg_AB/train/hsi/72.tiff,/mnt/data/whispers2023/C2Seg_AB/train/label/72.tiff
/mnt/data/whispers2023/C2Seg_AB/train/msi/73.tiff,/mnt/data/whispers2023/C2Seg_AB/train/sar/73.tiff,/mnt/data/whispers2023/C2Seg_AB/train/hsi/73.tiff,/mnt/data/whispers2023/C2Seg_AB/train/label/73.tiff
/mnt/data/whispers2023/C2Seg_AB/train/msi/74.tiff,/mnt/data/whispers2023/C2Seg_AB/train/sar/74.tiff,/mnt/data/whispers2023/C2Seg_AB/train/hsi/74.tiff,/mnt/data/whispers2023/C2Seg_AB/train/label/74.tiff
/mnt/data/whispers2023/C2Seg_AB/train/msi/75.tiff,/mnt/data/whispers2023/C2Seg_AB/train/sar/75.tiff,/mnt/data/whispers2023/C2Seg_AB/train/hsi/75.tiff,/mnt/data/whispers2023/C2Seg_AB/train/label/75.tiff
/mnt/data/whispers2023/C2Seg_AB/train/msi/76.tiff,/mnt/data/whispers2023/C2Seg_AB/train/sar/76.tiff,/mnt/data/whispers2023/C2Seg_AB/train/hsi/76.tiff,/mnt/data/whispers2023/C2Seg_AB/train/label/76.tiff
/mnt/data/whispers2023/C2Seg_AB/train/msi/77.tiff,/mnt/data/whispers2023/C2Seg_AB/train/sar/77.tiff,/mnt/data/whispers2023/C2Seg_AB/train/hsi/77.tiff,/mnt/data/whispers2023/C2Seg_AB/train/label/77.tiff
/mnt/data/whispers2023/C2Seg_AB/train/msi/78.tiff,/mnt/data/whispers2023/C2Seg_AB/train/sar/78.tiff,/mnt/data/whispers2023/C2Seg_AB/train/hsi/78.tiff,/mnt/data/whispers2023/C2Seg_AB/train/label/78.tiff
/mnt/data/whispers2023/C2Seg_AB/train/msi/79.tiff,/mnt/data/whispers2023/C2Seg_AB/train/sar/79.tiff,/mnt/data/whispers2023/C2Seg_AB/train/hsi/79.tiff,/mnt/data/whispers2023/C2Seg_AB/train/label/79.tiff
/mnt/data/whispers2023/C2Seg_AB/train/msi/8.tiff,/mnt/data/whispers2023/C2Seg_AB/train/sar/8.tiff,/mnt/data/whispers2023/C2Seg_AB/train/hsi/8.tiff,/mnt/data/whispers2023/C2Seg_AB/train/label/8.tiff
/mnt/data/whispers2023/C2Seg_AB/train/msi/80.tiff,/mnt/data/whispers2023/C2Seg_AB/train/sar/80.tiff,/mnt/data/whispers2023/C2Seg_AB/train/hsi/80.tiff,/mnt/data/whispers2023/C2Seg_AB/train/label/80.tiff
/mnt/data/whispers2023/C2Seg_AB/train/msi/81.tiff,/mnt/data/whispers2023/C2Seg_AB/train/sar/81.tiff,/mnt/data/whispers2023/C2Seg_AB/train/hsi/81.tiff,/mnt/data/whispers2023/C2Seg_AB/train/label/81.tiff
/mnt/data/whispers2023/C2Seg_AB/train/msi/82.tiff,/mnt/data/whispers2023/C2Seg_AB/train/sar/82.tiff,/mnt/data/whispers2023/C2Seg_AB/train/hsi/82.tiff,/mnt/data/whispers2023/C2Seg_AB/train/label/82.tiff
/mnt/data/whispers2023/C2Seg_AB/train/msi/83.tiff,/mnt/data/whispers2023/C2Seg_AB/train/sar/83.tiff,/mnt/data/whispers2023/C2Seg_AB/train/hsi/83.tiff,/mnt/data/whispers2023/C2Seg_AB/train/label/83.tiff
/mnt/data/whispers2023/C2Seg_AB/train/msi/84.tiff,/mnt/data/whispers2023/C2Seg_AB/train/sar/84.tiff,/mnt/data/whispers2023/C2Seg_AB/train/hsi/84.tiff,/mnt/data/whispers2023/C2Seg_AB/train/label/84.tiff
/mnt/data/whispers2023/C2Seg_AB/train/msi/85.tiff,/mnt/data/whispers2023/C2Seg_AB/train/sar/85.tiff,/mnt/data/whispers2023/C2Seg_AB/train/hsi/85.tiff,/mnt/data/whispers2023/C2Seg_AB/train/label/85.tiff
/mnt/data/whispers2023/C2Seg_AB/train/msi/86.tiff,/mnt/data/whispers2023/C2Seg_AB/train/sar/86.tiff,/mnt/data/whispers2023/C2Seg_AB/train/hsi/86.tiff,/mnt/data/whispers2023/C2Seg_AB/train/label/86.tiff
/mnt/data/whispers2023/C2Seg_AB/train/msi/87.tiff,/mnt/data/whispers2023/C2Seg_AB/train/sar/87.tiff,/mnt/data/whispers2023/C2Seg_AB/train/hsi/87.tiff,/mnt/data/whispers2023/C2Seg_AB/train/label/87.tiff
/mnt/data/whispers2023/C2Seg_AB/train/msi/88.tiff,/mnt/data/whispers2023/C2Seg_AB/train/sar/88.tiff,/mnt/data/whispers2023/C2Seg_AB/train/hsi/88.tiff,/mnt/data/whispers2023/C2Seg_AB/train/label/88.tiff
/mnt/data/whispers2023/C2Seg_AB/train/msi/89.tiff,/mnt/data/whispers2023/C2Seg_AB/train/sar/89.tiff,/mnt/data/whispers2023/C2Seg_AB/train/hsi/89.tiff,/mnt/data/whispers2023/C2Seg_AB/train/label/89.tiff
/mnt/data/whispers2023/C2Seg_AB/train/msi/9.tiff,/mnt/data/whispers2023/C2Seg_AB/train/sar/9.tiff,/mnt/data/whispers2023/C2Seg_AB/train/hsi/9.tiff,/mnt/data/whispers2023/C2Seg_AB/train/label/9.tiff
/mnt/data/whispers2023/C2Seg_AB/train/msi/90.tiff,/mnt/data/whispers2023/C2Seg_AB/train/sar/90.tiff,/mnt/data/whispers2023/C2Seg_AB/train/hsi/90.tiff,/mnt/data/whispers2023/C2Seg_AB/train/label/90.tiff
/mnt/data/whispers2023/C2Seg_AB/train/msi/91.tiff,/mnt/data/whispers2023/C2Seg_AB/train/sar/91.tiff,/mnt/data/whispers2023/C2Seg_AB/train/hsi/91.tiff,/mnt/data/whispers2023/C2Seg_AB/train/label/91.tiff
/mnt/data/whispers2023/C2Seg_AB/train/msi/92.tiff,/mnt/data/whispers2023/C2Seg_AB/train/sar/92.tiff,/mnt/data/whispers2023/C2Seg_AB/train/hsi/92.tiff,/mnt/data/whispers2023/C2Seg_AB/train/label/92.tiff
/mnt/data/whispers2023/C2Seg_AB/train/msi/93.tiff,/mnt/data/whispers2023/C2Seg_AB/train/sar/93.tiff,/mnt/data/whispers2023/C2Seg_AB/train/hsi/93.tiff,/mnt/data/whispers2023/C2Seg_AB/train/label/93.tiff
/mnt/data/whispers2023/C2Seg_AB/train/msi/94.tiff,/mnt/data/whispers2023/C2Seg_AB/train/sar/94.tiff,/mnt/data/whispers2023/C2Seg_AB/train/hsi/94.tiff,/mnt/data/whispers2023/C2Seg_AB/train/label/94.tiff
/mnt/data/whispers2023/C2Seg_AB/train/msi/95.tiff,/mnt/data/whispers2023/C2Seg_AB/train/sar/95.tiff,/mnt/data/whispers2023/C2Seg_AB/train/hsi/95.tiff,/mnt/data/whispers2023/C2Seg_AB/train/label/95.tiff
/mnt/data/whispers2023/C2Seg_AB/train/msi/96.tiff,/mnt/data/whispers2023/C2Seg_AB/train/sar/96.tiff,/mnt/data/whispers2023/C2Seg_AB/train/hsi/96.tiff,/mnt/data/whispers2023/C2Seg_AB/train/label/96.tiff
/mnt/data/whispers2023/C2Seg_AB/train/msi/97.tiff,/mnt/data/whispers2023/C2Seg_AB/train/sar/97.tiff,/mnt/data/whispers2023/C2Seg_AB/train/hsi/97.tiff,/mnt/data/whispers2023/C2Seg_AB/train/label/97.tiff
/mnt/data/whispers2023/C2Seg_AB/train/msi/98.tiff,/mnt/data/whispers2023/C2Seg_AB/train/sar/98.tiff,/mnt/data/whispers2023/C2Seg_AB/train/hsi/98.tiff,/mnt/data/whispers2023/C2Seg_AB/train/label/98.tiff
/mnt/data/whispers2023/C2Seg_AB/train/msi/99.tiff,/mnt/data/whispers2023/C2Seg_AB/train/sar/99.tiff,/mnt/data/whispers2023/C2Seg_AB/train/hsi/99.tiff,/mnt/data/whispers2023/C2Seg_AB/train/label/99.tiff
